rasa,typ,nazwa,koszt_drewno,koszt_kamien,koszt_zloto,czas_s,hp,atak,interwal_ataku_s,zasieg,ruch,pop,opis
Start,zasoby,Zasoby startowe,400,200,100,0,0,0,0,0,0,0,"Baza daje pop 10; każda farma +6"
Strażnicy Puszczy,jednostka,Zbieracz,50,0,0,15,40,3,1,1,2.0,1,"Ekonomia, zbiera drewno"
Strażnicy Puszczy,jednostka,Zwiadowca,70,0,0,20,60,8,1,1,3.0,1,"Szybki atak, nękanie"
Strażnicy Puszczy,jednostka,Łucznik Puszczy,100,0,20,25,70,12,1.5,5,2.0,1,"Dystans, główna siła"
Strażnicy Puszczy,jednostka,Strażnik Korzeni,120,80,0,35,220,14,2,1,1.2,2,"Tank, linia frontu"
Strażnicy Puszczy,jednostka,Dryada,80,0,120,40,90,0,0,4,1.5,2,"Leczy 8 HP/s sojuszników"
Strażnicy Puszczy,budynek,Drzewo Rodowe,0,0,0,0,1200,0,0,0,0,10,"Baza, produkuje zbieraczy"
Strażnicy Puszczy,budynek,Gaj Zbieraczy,80,0,0,30,500,0,0,0,0,0,"Jednostki robotnicze, +20% drewna"
Strażnicy Puszczy,budynek,Gniazdo Łuczników,150,50,0,50,600,0,0,0,0,0,"Łucznicy, Zwiadowcy"
Strażnicy Puszczy,budynek,Sadzawka Życia,120,0,60,60,500,0,0,0,0,0,"Dryady, +1 leczenie w pobliżu"
Strażnicy Puszczy,budynek,Wieża z Gałęzi,100,0,0,35,400,10,1,6,0,0,"Obrona dystansowa"
Strażnicy Puszczy,budynek,Gaj Pod Gałęziami (farma),80,0,0,25,300,0,0,0,0,6,"Farma, pop +6"
Strażnicy Puszczy,technologia,Leśne Pieśni,150,0,0,0,0,0,0,0,0,0,"Tier 1 (ok. 5 min): +15% ruchu w lesie"
Strażnicy Puszczy,technologia,Żywiczne Ostrza,200,0,80,0,0,0,0,0,0,0,"Tier 2 (ok. 12 min): +2 obrażenia łuczników"
Żelazny Zakon,jednostka,Górnik,60,0,0,15,50,4,1,1,1.8,1,"Ekonomia, kamień i złoto +20%"
Żelazny Zakon,jednostka,Młot,60,120,0,40,260,18,2,1,1.0,2,"Ciężki tank, łamacz linii"
Żelazny Zakon,jednostka,Kusznik,90,0,40,25,80,16,2,6,1.5,1,"Silny strzał, duży zasieg"
Żelazny Zakon,jednostka,Kapłan Ognia,0,60,100,40,100,6,1,4,1.3,2,"Podpalenie 6 dmg/s przez 4 s"
Żelazny Zakon,budynek,Twierdza,0,0,0,0,1500,0,0,0,0,10,"Baza, produkuje górników"
Żelazny Zakon,budynek,Kopalnia Runiczna,120,40,0,45,600,0,0,0,0,0,"Kamien +35%, złoto +25%"
Żelazny Zakon,budynek,Kuźnia,180,80,0,60,700,0,0,0,0,0,"Młoty, Kapłani Ognia"
Żelazny Zakon,budynek,Warsztat Kuszników,150,60,0,50,650,0,0,0,0,0,"Kusznicy"
Żelazny Zakon,budynek,Wieża Bojowa,0,150,0,60,600,14,2,7,0,0,"Obrona dystansowa"
Żelazny Zakon,budynek,Mur Kamienny (segment),0,20,0,10,400,0,0,0,0,0,"Blokuje drogę, chroni tyły"
Żelazny Zakon,budynek,Dom Rodzinny (farma),90,20,0,25,350,0,0,0,0,6,"Farma, pop +6"
Żelazny Zakon,technologia,Runiczne Mury,0,150,0,0,0,0,0,0,0,0,"Tier 1 (ok. 5 min): +20% HP budynkow"
Żelazny Zakon,technologia,Żelazne Hełmy,0,200,80,0,0,0,0,0,0,0,"Tier 2 (ok. 12 min): +1 pancerz jednostek"
AI,poziom,Łatwy,0,0,0,0,0,0,0,0,0,0,"Ekonomia 80%, fale 5-8 jednostek, co 4 min"
AI,poziom,Średni,0,0,0,0,0,0,0,0,0,0,"Ekonomia 100%, fale 10-14 jednostek, co 3 min"
AI,poziom,Trudny,0,0,0,0,0,0,0,0,0,0,"Ekonomia 130%, fale 15-20 jednostek, co 2 min"
Runda 1,mapa,Mała,0,0,0,0,0,0,0,0,0,0,"Okres ochronny 10 min, mgła wojny nie"
Runda 2,mapa,Średnia,0,0,0,0,0,0,0,0,0,0,"Okres ochronny 20 min, mgła wojny nie"
Runda 3,mapa,Duża,0,0,0,0,0,0,0,0,0,0,"Okres ochronny 30 min, mgła wojny tak"
